{"cameraMode":{"drawMode":0,"name":"Shaded","section":"Shading Mode"},"sceneLighting":true,"audioPlay":false,"sceneViewState":{"m_AlwaysRefresh":false,"showFog":true,"showSkybox":true,"showFlares":true,"showImageEffects":true,"showParticleSystems":true,"showVisualEffectGraphs":true,"m_FxEnabled":false},"in2DMode":false,"pivot":{"x":-0.0308113694190979,"y":0.10542148351669312,"z":0.022134363651275636},"rotation":{"x":-0.13673536479473115,"y":0.8423481583595276,"z":-0.25256937742233279,"w":-0.4560282826423645},"size":1.07587468624115,"orthographic":false}